invoice_id,payment_id,settlement_id,bank_txn_id,relationship
INV-0001,pay_000001,setl_000051,BANK-000051,invoice_payment
INV-0002,pay_000002,setl_000013,BANK-000013,invoice_payment
INV-0003,pay_000003,setl_000033,BANK-000033,invoice_payment
INV-0004,pay_000004,setl_000039,BANK-000039,invoice_payment
INV-0005,pay_000005,setl_000048,BANK-000048,invoice_payment
INV-0006,pay_000006,setl_000043,BANK-000043,invoice_payment
INV-0007,pay_000007,setl_000029,BANK-000029,invoice_payment
INV-0007,pay_000008,setl_000011,BANK-000011,invoice_payment
INV-0008,pay_000009,setl_000042,BANK-000042,invoice_payment
INV-0009,pay_000010,setl_000031,BANK-000031,invoice_payment
INV-0010,pay_000011,setl_000019,BANK-000019,invoice_payment
INV-0011,pay_000012,setl_000011,BANK-000011,invoice_payment
INV-0012,pay_000013,setl_000016,BANK-000016,invoice_payment
INV-0013,pay_000014,setl_000034,BANK-000034,invoice_payment
INV-0014,pay_000015,setl_000010,BANK-000010,invoice_payment
INV-0015,pay_000016,setl_000076,BANK-000076,invoice_payment
INV-0016,pay_000017,setl_000010,BANK-000010,invoice_payment
INV-0018,pay_000018,setl_000038,BANK-000038,invoice_payment
INV-0019,pay_000019,setl_000009,BANK-000009,invoice_payment
INV-0019,pay_000020,setl_000038,BANK-000038,invoice_payment
INV-0020,pay_000021,setl_000007,BANK-000007,invoice_payment
INV-0022,pay_000022,setl_000028,BANK-000028,invoice_payment
INV-0023,pay_000023,setl_000036,BANK-000036,invoice_payment
INV-0024,pay_000024,setl_000014,BANK-000014,invoice_payment
INV-0025,pay_000025,setl_000019,BANK-000019,invoice_payment
INV-0026,pay_000026,setl_000073,BANK-000073,invoice_payment
INV-0027,pay_000027,setl_000002,BANK-000002,invoice_payment
INV-0028,pay_000028,setl_000073,BANK-000073,invoice_payment
INV-0028,pay_000029,setl_000026,BANK-000026,invoice_payment
INV-0029,pay_000030,setl_000074,BANK-000074,invoice_payment
INV-0030,pay_000031,setl_000015,BANK-000015,invoice_payment
INV-0031,pay_000032,setl_000052,BANK-000052,invoice_payment
INV-0031,pay_000033,setl_000028,BANK-000028,invoice_payment
INV-0032,pay_000034,setl_000063,BANK-000063,invoice_payment
INV-0032,pay_000035,setl_000017,BANK-000017,invoice_payment
INV-0033,pay_000036,setl_000053,BANK-000053,invoice_payment
INV-0034,pay_000037,setl_000060,BANK-000060,invoice_payment
INV-0034,pay_000038,setl_000024,BANK-000024,invoice_payment
INV-0035,pay_000039,setl_000026,BANK-000026,invoice_payment
INV-0036,pay_000040,setl_000056,BANK-000056,invoice_payment
INV-0037,pay_000041,setl_000069,BANK-000069,invoice_payment
INV-0038,pay_000042,setl_000004,BANK-000004,invoice_payment
INV-0039,pay_000043,setl_000032,BANK-000032,invoice_payment
INV-0041,pay_000044,setl_000042,BANK-000042,invoice_payment
INV-0043,pay_000045,setl_000072,BANK-000072,invoice_payment
INV-0044,pay_000046,setl_000048,BANK-000048,invoice_payment
INV-0045,pay_000047,setl_000052,BANK-000052,invoice_payment
INV-0046,pay_000048,setl_000068,BANK-000068,invoice_payment
INV-0047,pay_000049,setl_000010,BANK-000010,invoice_payment
INV-0048,pay_000050,setl_000067,BANK-000067,invoice_payment
INV-0050,pay_000051,setl_000016,BANK-000016,invoice_payment
INV-0051,pay_000052,setl_000074,BANK-000074,invoice_payment
INV-0051,pay_000053,setl_000061,BANK-000061,invoice_payment
INV-0052,pay_000054,setl_000023,BANK-000023,invoice_payment
INV-0053,pay_000055,setl_000073,BANK-000073,invoice_payment
INV-0055,pay_000056,setl_000053,BANK-000053,invoice_payment
INV-0056,pay_000057,setl_000046,BANK-000046,invoice_payment
INV-0056,pay_000058,setl_000063,BANK-000063,invoice_payment
INV-0057,pay_000059,setl_000055,BANK-000055,invoice_payment
INV-0058,pay_000060,setl_000021,BANK-000021,invoice_payment
INV-0059,pay_000061,setl_000025,BANK-000025,invoice_payment
INV-0060,pay_000062,setl_000006,BANK-000006,invoice_payment
INV-0061,pay_000063,setl_000036,BANK-000036,invoice_payment
INV-0062,pay_000064,setl_000003,BANK-000003,invoice_payment
INV-0063,pay_000065,setl_000043,BANK-000043,invoice_payment
INV-0064,pay_000066,setl_000062,BANK-000062,invoice_payment
INV-0065,pay_000067,setl_000030,BANK-000030,invoice_payment
INV-0066,pay_000068,setl_000068,BANK-000068,invoice_payment
INV-0067,pay_000069,setl_000043,BANK-000043,invoice_payment
INV-0068,pay_000070,setl_000042,BANK-000042,invoice_payment
INV-0069,pay_000071,setl_000041,BANK-000041,invoice_payment
INV-0070,pay_000072,setl_000052,BANK-000052,invoice_payment
INV-0071,pay_000073,setl_000074,BANK-000074,invoice_payment
INV-0072,pay_000074,setl_000066,BANK-000066,invoice_payment
INV-0073,pay_000075,setl_000032,BANK-000032,invoice_payment
INV-0074,pay_000076,setl_000051,BANK-000051,invoice_payment
INV-0074,pay_000077,setl_000051,BANK-000051,invoice_payment
INV-0075,pay_000078,setl_000031,BANK-000031,invoice_payment
INV-0076,pay_000079,setl_000043,BANK-000043,invoice_payment
INV-0077,pay_000080,setl_000034,BANK-000034,invoice_payment
INV-0078,pay_000081,setl_000019,BANK-000019,invoice_payment
INV-0079,pay_000082,setl_000058,BANK-000058,invoice_payment
INV-0080,pay_000083,setl_000009,BANK-000009,invoice_payment
INV-0081,pay_000084,setl_000017,BANK-000017,invoice_payment
INV-0082,pay_000085,setl_000032,BANK-000032,invoice_payment
INV-0083,pay_000086,setl_000003,BANK-000003,invoice_payment
INV-0084,pay_000087,setl_000015,BANK-000015,invoice_payment
INV-0085,pay_000088,setl_000062,BANK-000062,invoice_payment
INV-0086,pay_000089,setl_000056,BANK-000056,invoice_payment
INV-0087,pay_000090,setl_000013,BANK-000013,invoice_payment
INV-0088,pay_000091,setl_000054,BANK-000054,invoice_payment
INV-0088,pay_000092,setl_000072,BANK-000072,invoice_payment
INV-0089,pay_000093,setl_000041,BANK-000041,invoice_payment
INV-0090,pay_000094,setl_000065,BANK-000065,invoice_payment
INV-0091,pay_000095,setl_000025,BANK-000025,invoice_payment
INV-0092,pay_000096,setl_000040,BANK-000040,invoice_payment
INV-0093,pay_000097,setl_000044,BANK-000044,invoice_payment
INV-0094,pay_000098,setl_000021,BANK-000021,invoice_payment
INV-0096,pay_000099,setl_000023,BANK-000023,invoice_payment
INV-0097,pay_000100,setl_000020,BANK-000020,invoice_payment
INV-0099,pay_000101,setl_000050,BANK-000050,invoice_payment
INV-0100,pay_000102,setl_000070,BANK-000070,invoice_payment
INV-0101,pay_000103,setl_000021,BANK-000021,invoice_payment
INV-0103,pay_000104,setl_000015,BANK-000015,invoice_payment
INV-0104,pay_000105,setl_000076,BANK-000076,invoice_payment
INV-0105,pay_000106,setl_000049,BANK-000049,invoice_payment
INV-0106,pay_000107,setl_000058,BANK-000058,invoice_payment
INV-0106,pay_000108,setl_000032,BANK-000032,invoice_payment
INV-0107,pay_000109,setl_000044,BANK-000044,invoice_payment
INV-0108,pay_000110,setl_000017,BANK-000017,invoice_payment
INV-0109,pay_000111,setl_000012,BANK-000012,invoice_payment
INV-0110,pay_000112,setl_000052,BANK-000052,invoice_payment
INV-0111,pay_000113,setl_000023,BANK-000023,invoice_payment
INV-0112,pay_000114,setl_000017,BANK-000017,invoice_payment
INV-0113,pay_000115,setl_000066,BANK-000066,invoice_payment
INV-0114,pay_000116,setl_000040,BANK-000040,invoice_payment
INV-0115,pay_000117,setl_000033,BANK-000033,invoice_payment
INV-0116,pay_000118,setl_000076,BANK-000076,invoice_payment
INV-0117,pay_000119,setl_000066,BANK-000066,invoice_payment
INV-0119,pay_000120,setl_000006,BANK-000006,invoice_payment
INV-0120,pay_000121,setl_000056,BANK-000056,invoice_payment
INV-0121,pay_000122,setl_000039,BANK-000039,invoice_payment
INV-0122,pay_000123,setl_000059,BANK-000059,invoice_payment
INV-0124,pay_000124,setl_000005,BANK-000005,invoice_payment
INV-0126,pay_000125,setl_000059,BANK-000059,invoice_payment
INV-0127,pay_000126,setl_000005,BANK-000005,invoice_payment
INV-0129,pay_000127,setl_000024,BANK-000024,invoice_payment
INV-0130,pay_000128,setl_000014,BANK-000014,invoice_payment
INV-0130,pay_000129,setl_000007,BANK-000007,invoice_payment
INV-0131,pay_000130,setl_000028,BANK-000028,invoice_payment
INV-0132,pay_000131,setl_000011,BANK-000011,invoice_payment
INV-0133,pay_000132,setl_000033,BANK-000033,invoice_payment
INV-0134,pay_000133,setl_000065,BANK-000065,invoice_payment
INV-0135,pay_000134,setl_000074,BANK-000074,invoice_payment
INV-0136,pay_000135,setl_000006,BANK-000006,invoice_payment
INV-0137,pay_000136,setl_000025,BANK-000025,invoice_payment
INV-0137,pay_000137,setl_000034,BANK-000034,invoice_payment
INV-0138,pay_000138,setl_000039,BANK-000039,invoice_payment
INV-0139,pay_000139,setl_000035,BANK-000035,invoice_payment
INV-0140,pay_000140,setl_000014,BANK-000014,invoice_payment
INV-0141,pay_000141,setl_000019,BANK-000019,invoice_payment
INV-0142,pay_000142,setl_000016,BANK-000016,invoice_payment
INV-0143,pay_000143,setl_000001,BANK-000001,invoice_payment
INV-0144,pay_000144,setl_000037,BANK-000037,invoice_payment
INV-0145,pay_000145,setl_000075,BANK-000075,invoice_payment
INV-0146,pay_000146,setl_000021,BANK-000021,invoice_payment
INV-0147,pay_000147,setl_000033,BANK-000033,invoice_payment
INV-0148,pay_000148,setl_000043,BANK-000043,invoice_payment
INV-0150,pay_000149,setl_000035,BANK-000035,invoice_payment
INV-0152,pay_000150,setl_000050,BANK-000050,invoice_payment
INV-0153,pay_000151,setl_000047,BANK-000047,invoice_payment
INV-0154,pay_000152,setl_000026,BANK-000026,invoice_payment
INV-0155,pay_000153,setl_000031,BANK-000031,invoice_payment
INV-0156,pay_000154,setl_000049,BANK-000049,invoice_payment
INV-0157,pay_000155,setl_000060,BANK-000060,invoice_payment
INV-0158,pay_000156,setl_000049,BANK-000049,invoice_payment
INV-0159,pay_000157,setl_000037,BANK-000037,invoice_payment
INV-0160,pay_000158,setl_000054,BANK-000054,invoice_payment
INV-0161,pay_000159,setl_000067,BANK-000067,invoice_payment
INV-0162,pay_000160,setl_000070,BANK-000070,invoice_payment
INV-0163,pay_000161,setl_000002,BANK-000002,invoice_payment
INV-0164,pay_000162,setl_000036,BANK-000036,invoice_payment
INV-0165,pay_000163,setl_000049,BANK-000049,invoice_payment
INV-0166,pay_000164,setl_000022,BANK-000022,invoice_payment
INV-0167,pay_000165,setl_000020,BANK-000020,invoice_payment
INV-0168,pay_000166,setl_000006,BANK-000006,invoice_payment
INV-0169,pay_000167,setl_000064,BANK-000064,invoice_payment
INV-0170,pay_000168,setl_000053,BANK-000053,invoice_payment
INV-0171,pay_000169,setl_000029,BANK-000029,invoice_payment
INV-0172,pay_000170,setl_000064,BANK-000064,invoice_payment
INV-0173,pay_000171,setl_000070,BANK-000070,invoice_payment
INV-0174,pay_000172,setl_000035,BANK-000035,invoice_payment
INV-0175,pay_000173,setl_000014,BANK-000014,invoice_payment
INV-0176,pay_000174,setl_000012,BANK-000012,invoice_payment
INV-0177,pay_000175,setl_000058,BANK-000058,invoice_payment
INV-0178,pay_000176,setl_000075,BANK-000075,invoice_payment
INV-0179,pay_000177,setl_000049,BANK-000049,invoice_payment
INV-0180,pay_000178,setl_000031,BANK-000031,invoice_payment
INV-0181,pay_000179,setl_000062,BANK-000062,invoice_payment
INV-0182,pay_000180,setl_000063,BANK-000063,invoice_payment
INV-0183,pay_000181,setl_000016,BANK-000016,invoice_payment
INV-0184,pay_000182,setl_000040,BANK-000040,invoice_payment
INV-0185,pay_000183,setl_000070,BANK-000070,invoice_payment
INV-0186,pay_000184,setl_000046,BANK-000046,invoice_payment
INV-0187,pay_000185,setl_000043,BANK-000043,invoice_payment
INV-0188,pay_000186,setl_000002,BANK-000002,invoice_payment
INV-0189,pay_000187,setl_000065,BANK-000065,invoice_payment
INV-0190,pay_000188,setl_000039,BANK-000039,invoice_payment
INV-0191,pay_000189,setl_000038,BANK-000038,invoice_payment
INV-0192,pay_000190,setl_000047,BANK-000047,invoice_payment
INV-0193,pay_000191,setl_000004,BANK-000004,invoice_payment
INV-0194,pay_000192,setl_000031,BANK-000031,invoice_payment
INV-0195,pay_000193,setl_000016,BANK-000016,invoice_payment
INV-0196,pay_000194,setl_000024,BANK-000024,invoice_payment
INV-0197,pay_000195,setl_000053,BANK-000053,invoice_payment
INV-0198,pay_000196,setl_000045,BANK-000045,invoice_payment
INV-0198,pay_000197,setl_000073,BANK-000073,invoice_payment
INV-0199,pay_000198,setl_000015,BANK-000015,invoice_payment
INV-0201,pay_000199,setl_000001,BANK-000001,invoice_payment
INV-0201,pay_000200,setl_000050,BANK-000050,invoice_payment
INV-0203,pay_000201,setl_000072,BANK-000072,invoice_payment
INV-0203,pay_000202,setl_000045,BANK-000045,invoice_payment
INV-0204,pay_000203,setl_000016,BANK-000016,invoice_payment
INV-0205,pay_000204,setl_000014,BANK-000014,invoice_payment
INV-0205,pay_000205,setl_000035,BANK-000035,invoice_payment
INV-0206,pay_000206,setl_000059,BANK-000059,invoice_payment
INV-0207,pay_000207,setl_000048,BANK-000048,invoice_payment
INV-0208,pay_000208,setl_000061,BANK-000061,invoice_payment
INV-0209,pay_000209,setl_000025,BANK-000025,invoice_payment
INV-0210,pay_000210,setl_000002,BANK-000002,invoice_payment
INV-0211,pay_000211,setl_000039,BANK-000039,invoice_payment
INV-0212,pay_000212,setl_000076,BANK-000076,invoice_payment
INV-0213,pay_000213,setl_000041,BANK-000041,invoice_payment
INV-0214,pay_000214,setl_000043,BANK-000043,invoice_payment
INV-0214,pay_000215,setl_000024,BANK-000024,invoice_payment
INV-0215,pay_000216,setl_000006,BANK-000006,invoice_payment
INV-0216,pay_000217,setl_000002,BANK-000002,invoice_payment
INV-0217,pay_000218,setl_000041,BANK-000041,invoice_payment
INV-0218,pay_000219,setl_000072,BANK-000072,invoice_payment
INV-0219,pay_000220,setl_000015,BANK-000015,invoice_payment
INV-0220,pay_000221,setl_000057,BANK-000057,invoice_payment
INV-0221,pay_000222,setl_000046,BANK-000046,invoice_payment
INV-0222,pay_000223,setl_000057,BANK-000057,invoice_payment
INV-0222,pay_000224,setl_000042,BANK-000042,invoice_payment
INV-0223,pay_000225,setl_000001,BANK-000001,invoice_payment
INV-0224,pay_000226,setl_000029,BANK-000029,invoice_payment
INV-0225,pay_000227,setl_000003,BANK-000003,invoice_payment
INV-0226,pay_000228,setl_000054,BANK-000054,invoice_payment
INV-0227,pay_000229,setl_000071,BANK-000071,invoice_payment
INV-0228,pay_000230,setl_000033,BANK-000033,invoice_payment
INV-0230,pay_000231,setl_000040,BANK-000040,invoice_payment
INV-0231,pay_000232,setl_000051,BANK-000051,invoice_payment
INV-0231,pay_000233,setl_000064,BANK-000064,invoice_payment
INV-0232,pay_000234,setl_000067,BANK-000067,invoice_payment
INV-0233,pay_000235,setl_000016,BANK-000016,invoice_payment
INV-0234,pay_000236,setl_000029,BANK-000029,invoice_payment
INV-0235,pay_000237,setl_000063,BANK-000063,invoice_payment
INV-0236,pay_000238,setl_000055,BANK-000055,invoice_payment
INV-0237,pay_000239,setl_000068,BANK-000068,invoice_payment
INV-0238,pay_000240,setl_000067,BANK-000067,invoice_payment
INV-0238,pay_000241,setl_000066,BANK-000066,invoice_payment
INV-0239,pay_000242,setl_000073,BANK-000073,invoice_payment
INV-0240,pay_000243,setl_000019,BANK-000019,invoice_payment
INV-0240,pay_000244,setl_000063,BANK-000063,invoice_payment
INV-0241,pay_000245,setl_000023,BANK-000023,invoice_payment
INV-0242,pay_000246,setl_000063,BANK-000063,invoice_payment
INV-0243,pay_000247,setl_000058,BANK-000058,invoice_payment
INV-0244,pay_000248,setl_000038,BANK-000038,invoice_payment
INV-0244,pay_000249,setl_000030,BANK-000030,invoice_payment
INV-0245,pay_000250,setl_000064,BANK-000064,invoice_payment
INV-0246,pay_000251,setl_000075,BANK-000075,invoice_payment
INV-0248,pay_000252,setl_000001,BANK-000001,invoice_payment
INV-0248,pay_000253,setl_000034,BANK-000034,invoice_payment
INV-0249,pay_000254,setl_000052,BANK-000052,invoice_payment
INV-0250,pay_000255,setl_000011,BANK-000011,invoice_payment
INV-0251,pay_000256,setl_000039,BANK-000039,invoice_payment
INV-0252,pay_000257,setl_000039,BANK-000039,invoice_payment
INV-0254,pay_000258,setl_000020,BANK-000020,invoice_payment
INV-0255,pay_000259,setl_000010,BANK-000010,invoice_payment
INV-0256,pay_000260,setl_000037,BANK-000037,invoice_payment
INV-0257,pay_000261,setl_000061,BANK-000061,invoice_payment
INV-0258,pay_000262,setl_000048,BANK-000048,invoice_payment
INV-0259,pay_000263,setl_000029,BANK-000029,invoice_payment
INV-0260,pay_000264,setl_000027,BANK-000027,invoice_payment
INV-0261,pay_000265,setl_000035,BANK-000035,invoice_payment
INV-0262,pay_000266,setl_000008,BANK-000008,invoice_payment
INV-0264,pay_000267,setl_000033,BANK-000033,invoice_payment
INV-0265,pay_000268,setl_000026,BANK-000026,invoice_payment
INV-0266,pay_000269,setl_000012,BANK-000012,invoice_payment
INV-0267,pay_000270,setl_000030,BANK-000030,invoice_payment
INV-0268,pay_000271,setl_000030,BANK-000030,invoice_payment
INV-0269,pay_000272,setl_000014,BANK-000014,invoice_payment
INV-0270,pay_000273,setl_000060,BANK-000060,invoice_payment
INV-0271,pay_000274,setl_000069,BANK-000069,invoice_payment
INV-0272,pay_000275,setl_000015,BANK-000015,invoice_payment
INV-0273,pay_000276,setl_000017,BANK-000017,invoice_payment
INV-0273,pay_000277,setl_000012,BANK-000012,invoice_payment
INV-0275,pay_000278,setl_000075,BANK-000075,invoice_payment
INV-0275,pay_000279,setl_000057,BANK-000057,invoice_payment
INV-0276,pay_000280,setl_000045,BANK-000045,invoice_payment
INV-0276,pay_000281,setl_000076,BANK-000076,invoice_payment
INV-0277,pay_000282,setl_000047,BANK-000047,invoice_payment
INV-0278,pay_000283,setl_000010,BANK-000010,invoice_payment
INV-0279,pay_000284,setl_000040,BANK-000040,invoice_payment
INV-0280,pay_000285,setl_000060,BANK-000060,invoice_payment
INV-0281,pay_000286,setl_000021,BANK-000021,invoice_payment
INV-0282,pay_000287,setl_000047,BANK-000047,invoice_payment
INV-0283,pay_000288,setl_000030,BANK-000030,invoice_payment
INV-0284,pay_000289,setl_000010,BANK-000010,invoice_payment
INV-0284,pay_000290,setl_000006,BANK-000006,invoice_payment
INV-0285,pay_000291,setl_000075,BANK-000075,invoice_payment
INV-0286,pay_000292,setl_000049,BANK-000049,invoice_payment
INV-0286,pay_000293,setl_000024,BANK-000024,invoice_payment
INV-0287,pay_000294,setl_000055,BANK-000055,invoice_payment
INV-0287,pay_000295,setl_000062,BANK-000062,invoice_payment
INV-0288,pay_000296,setl_000050,BANK-000050,invoice_payment
INV-0289,pay_000297,setl_000027,BANK-000027,invoice_payment
INV-0289,pay_000298,setl_000051,BANK-000051,invoice_payment
INV-0290,pay_000299,setl_000048,BANK-000048,invoice_payment
INV-0291,pay_000300,setl_000008,BANK-000008,invoice_payment
INV-0293,pay_000301,setl_000013,BANK-000013,invoice_payment
INV-0294,pay_000302,setl_000040,BANK-000040,invoice_payment
INV-0295,pay_000303,setl_000059,BANK-000059,invoice_payment
INV-0297,pay_000304,setl_000071,BANK-000071,invoice_payment
INV-0298,pay_000305,setl_000028,BANK-000028,invoice_payment
INV-0299,pay_000306,setl_000072,BANK-000072,invoice_payment
INV-0300,pay_000307,setl_000053,BANK-000053,invoice_payment
INV-0301,pay_000308,setl_000018,BANK-000018,invoice_payment
INV-0302,pay_000309,setl_000040,BANK-000040,invoice_payment
INV-0302,pay_000310,setl_000062,BANK-000062,invoice_payment
INV-0303,pay_000311,setl_000019,BANK-000019,invoice_payment
INV-0305,pay_000312,setl_000010,BANK-000010,invoice_payment
INV-0306,pay_000313,setl_000045,BANK-000045,invoice_payment
INV-0307,pay_000314,setl_000048,BANK-000048,invoice_payment
INV-0309,pay_000315,setl_000022,BANK-000022,invoice_payment
INV-0309,pay_000316,setl_000071,BANK-000071,invoice_payment
INV-0310,pay_000317,setl_000008,BANK-000008,invoice_payment
INV-0311,pay_000318,setl_000059,BANK-000059,invoice_payment
INV-0311,pay_000319,setl_000074,BANK-000074,invoice_payment
INV-0312,pay_000320,setl_000030,BANK-000030,invoice_payment
INV-0313,pay_000321,setl_000007,BANK-000007,invoice_payment
INV-0314,pay_000322,setl_000005,BANK-000005,invoice_payment
INV-0315,pay_000323,setl_000071,BANK-000071,invoice_payment
INV-0316,pay_000324,setl_000002,BANK-000002,invoice_payment
INV-0317,pay_000325,setl_000011,BANK-000011,invoice_payment
INV-0318,pay_000326,setl_000051,BANK-000051,invoice_payment
INV-0319,pay_000327,setl_000075,BANK-000075,invoice_payment
INV-0320,pay_000328,setl_000005,BANK-000005,invoice_payment
INV-0321,pay_000329,setl_000009,BANK-000009,invoice_payment
INV-0322,pay_000330,setl_000067,BANK-000067,invoice_payment
INV-0323,pay_000331,setl_000052,BANK-000052,invoice_payment
INV-0324,pay_000332,setl_000012,BANK-000012,invoice_payment
INV-0325,pay_000333,setl_000060,BANK-000060,invoice_payment
INV-0325,pay_000334,setl_000011,BANK-000011,invoice_payment
INV-0327,pay_000335,setl_000018,BANK-000018,invoice_payment
INV-0328,pay_000336,setl_000018,BANK-000018,invoice_payment
INV-0329,pay_000337,setl_000020,BANK-000020,invoice_payment
INV-0330,pay_000338,setl_000045,BANK-000045,invoice_payment
INV-0331,pay_000339,setl_000052,BANK-000052,invoice_payment
INV-0332,pay_000340,setl_000056,BANK-000056,invoice_payment
INV-0334,pay_000341,setl_000065,BANK-000065,invoice_payment
INV-0335,pay_000342,setl_000045,BANK-000045,invoice_payment
INV-0336,pay_000343,setl_000056,BANK-000056,invoice_payment
INV-0337,pay_000344,setl_000069,BANK-000069,invoice_payment
INV-0338,pay_000345,setl_000011,BANK-000011,invoice_payment
INV-0339,pay_000346,setl_000073,BANK-000073,invoice_payment
INV-0340,pay_000347,setl_000074,BANK-000074,invoice_payment
INV-0340,pay_000348,setl_000034,BANK-000034,invoice_payment
INV-0341,pay_000349,setl_000012,BANK-000012,invoice_payment
INV-0342,pay_000350,setl_000027,BANK-000027,invoice_payment
INV-0343,pay_000351,setl_000067,BANK-000067,invoice_payment
INV-0344,pay_000352,setl_000002,BANK-000002,invoice_payment
INV-0345,pay_000353,setl_000007,BANK-000007,invoice_payment
INV-0346,pay_000354,setl_000071,BANK-000071,invoice_payment
INV-0347,pay_000355,setl_000047,BANK-000047,invoice_payment
INV-0348,pay_000356,setl_000057,BANK-000057,invoice_payment
INV-0350,pay_000357,setl_000023,BANK-000023,invoice_payment
INV-0351,pay_000358,setl_000068,BANK-000068,invoice_payment
INV-0352,pay_000359,setl_000075,BANK-000075,invoice_payment
INV-0353,pay_000360,setl_000025,BANK-000025,invoice_payment
INV-0354,pay_000361,setl_000072,BANK-000072,invoice_payment
INV-0355,pay_000362,setl_000051,BANK-000051,invoice_payment
INV-0356,pay_000363,setl_000017,BANK-000017,invoice_payment
INV-0357,pay_000364,setl_000067,BANK-000067,invoice_payment
INV-0358,pay_000365,setl_000055,BANK-000055,invoice_payment
INV-0359,pay_000366,setl_000070,BANK-000070,invoice_payment
INV-0360,pay_000367,setl_000028,BANK-000028,invoice_payment
INV-0361,pay_000368,setl_000034,BANK-000034,invoice_payment
INV-0362,pay_000369,setl_000018,BANK-000018,invoice_payment
INV-0363,pay_000370,setl_000022,BANK-000022,invoice_payment
INV-0364,pay_000371,setl_000003,BANK-000003,invoice_payment
INV-0365,pay_000372,setl_000045,BANK-000045,invoice_payment
INV-0366,pay_000373,setl_000027,BANK-000027,invoice_payment
INV-0367,pay_000374,setl_000032,BANK-000032,invoice_payment
INV-0368,pay_000375,setl_000037,BANK-000037,invoice_payment
INV-0369,pay_000376,setl_000008,BANK-000008,invoice_payment
INV-0370,pay_000377,setl_000044,BANK-000044,invoice_payment
INV-0371,pay_000378,setl_000013,BANK-000013,invoice_payment
INV-0372,pay_000379,setl_000056,BANK-000056,invoice_payment
INV-0373,pay_000380,setl_000053,BANK-000053,invoice_payment
INV-0374,pay_000381,setl_000009,BANK-000009,invoice_payment
INV-0375,pay_000382,setl_000008,BANK-000008,invoice_payment
INV-0376,pay_000383,setl_000042,BANK-000042,invoice_payment
INV-0377,pay_000384,setl_000012,BANK-000012,invoice_payment
INV-0378,pay_000385,setl_000013,BANK-000013,invoice_payment
INV-0378,pay_000386,setl_000009,BANK-000009,invoice_payment
INV-0379,pay_000387,setl_000069,BANK-000069,invoice_payment
INV-0380,pay_000388,setl_000023,BANK-000023,invoice_payment
INV-0381,pay_000389,setl_000070,BANK-000070,invoice_payment
INV-0382,pay_000390,setl_000044,BANK-000044,invoice_payment
INV-0383,pay_000391,setl_000046,BANK-000046,invoice_payment
INV-0384,pay_000392,setl_000069,BANK-000069,invoice_payment
INV-0385,pay_000393,setl_000066,BANK-000066,invoice_payment
INV-0386,pay_000394,setl_000062,BANK-000062,invoice_payment
INV-0387,pay_000395,setl_000033,BANK-000033,invoice_payment
INV-0388,pay_000396,setl_000049,BANK-000049,invoice_payment
INV-0389,pay_000397,setl_000017,BANK-000017,invoice_payment
INV-0390,pay_000398,setl_000046,BANK-000046,invoice_payment
INV-0391,pay_000399,setl_000056,BANK-000056,invoice_payment
INV-0392,pay_000400,setl_000004,BANK-000004,invoice_payment
INV-0393,pay_000401,setl_000013,BANK-000013,invoice_payment
INV-0394,pay_000402,setl_000027,BANK-000027,invoice_payment
INV-0395,pay_000403,setl_000044,BANK-000044,invoice_payment
INV-0395,pay_000404,setl_000064,BANK-000064,invoice_payment
INV-0397,pay_000405,setl_000018,BANK-000018,invoice_payment
INV-0398,pay_000406,setl_000060,BANK-000060,invoice_payment
INV-0400,pay_000407,setl_000028,BANK-000028,invoice_payment
INV-0401,pay_000408,setl_000061,BANK-000061,invoice_payment
INV-0402,pay_000409,setl_000018,BANK-000018,invoice_payment
INV-0403,pay_000410,setl_000004,BANK-000004,invoice_payment
INV-0404,pay_000411,setl_000068,BANK-000068,invoice_payment
INV-0405,pay_000412,setl_000021,BANK-000021,invoice_payment
INV-0406,pay_000413,setl_000022,BANK-000022,invoice_payment
INV-0407,pay_000414,setl_000050,BANK-000050,invoice_payment
INV-0407,pay_000415,setl_000069,BANK-000069,invoice_payment
INV-0409,pay_000416,setl_000001,BANK-000001,invoice_payment
INV-0410,pay_000417,setl_000068,BANK-000068,invoice_payment
INV-0411,pay_000418,setl_000035,BANK-000035,invoice_payment
INV-0412,pay_000419,setl_000070,BANK-000070,invoice_payment
INV-0413,pay_000420,setl_000054,BANK-000054,invoice_payment
INV-0414,pay_000421,setl_000003,BANK-000003,invoice_payment
INV-0415,pay_000422,setl_000036,BANK-000036,invoice_payment
INV-0416,pay_000423,setl_000025,BANK-000025,invoice_payment
INV-0417,pay_000424,setl_000054,BANK-000054,invoice_payment
INV-0418,pay_000425,setl_000054,BANK-000054,invoice_payment
INV-0419,pay_000426,setl_000013,BANK-000013,invoice_payment
INV-0420,pay_000427,setl_000041,BANK-000041,invoice_payment
INV-0421,pay_000428,setl_000048,BANK-000048,invoice_payment
INV-0421,pay_000429,setl_000071,BANK-000071,invoice_payment
INV-0422,pay_000430,setl_000009,BANK-000009,invoice_payment
INV-0423,pay_000431,setl_000020,BANK-000020,invoice_payment
INV-0424,pay_000432,setl_000035,BANK-000035,invoice_payment
INV-0425,pay_000433,setl_000046,BANK-000046,invoice_payment
INV-0427,pay_000434,setl_000063,BANK-000063,invoice_payment
INV-0428,pay_000435,setl_000034,BANK-000034,invoice_payment
INV-0429,pay_000436,setl_000059,BANK-000059,invoice_payment
INV-0430,pay_000437,setl_000036,BANK-000036,invoice_payment
INV-0431,pay_000438,setl_000025,BANK-000025,invoice_payment
INV-0432,pay_000439,setl_000038,BANK-000038,invoice_payment
INV-0433,pay_000440,setl_000044,BANK-000044,invoice_payment
INV-0433,pay_000441,setl_000066,BANK-000066,invoice_payment
INV-0434,pay_000442,setl_000046,BANK-000046,invoice_payment
INV-0435,pay_000443,setl_000055,BANK-000055,invoice_payment
INV-0437,pay_000444,setl_000041,BANK-000041,invoice_payment
INV-0438,pay_000445,setl_000060,BANK-000060,invoice_payment
INV-0439,pay_000446,setl_000058,BANK-000058,invoice_payment
INV-0440,pay_000447,setl_000038,BANK-000038,invoice_payment
INV-0441,pay_000448,setl_000036,BANK-000036,invoice_payment
INV-0442,pay_000449,setl_000014,BANK-000014,invoice_payment
INV-0443,pay_000450,setl_000020,BANK-000020,invoice_payment
INV-0444,pay_000451,setl_000015,BANK-000015,invoice_payment
INV-0445,pay_000452,setl_000031,BANK-000031,invoice_payment
INV-0445,pay_000453,setl_000031,BANK-000031,invoice_payment
INV-0446,pay_000454,setl_000007,BANK-000007,invoice_payment
INV-0447,pay_000455,setl_000074,BANK-000074,invoice_payment
INV-0448,pay_000456,setl_000064,BANK-000064,invoice_payment
INV-0449,pay_000457,setl_000072,BANK-000072,invoice_payment
INV-0450,pay_000458,setl_000026,BANK-000026,invoice_payment
INV-0451,pay_000459,setl_000022,BANK-000022,invoice_payment
INV-0452,pay_000460,setl_000005,BANK-000005,invoice_payment
INV-0453,pay_000461,setl_000037,BANK-000037,invoice_payment
INV-0454,pay_000462,setl_000001,BANK-000001,invoice_payment
INV-0455,pay_000463,setl_000073,BANK-000073,invoice_payment
INV-0456,pay_000464,setl_000027,BANK-000027,invoice_payment
INV-0457,pay_000465,setl_000053,BANK-000053,invoice_payment
INV-0458,pay_000466,setl_000007,BANK-000007,invoice_payment
INV-0459,pay_000467,setl_000041,BANK-000041,invoice_payment
INV-0460,pay_000468,setl_000054,BANK-000054,invoice_payment
INV-0460,pay_000469,setl_000032,BANK-000032,invoice_payment
INV-0461,pay_000470,setl_000044,BANK-000044,invoice_payment
INV-0462,pay_000471,setl_000057,BANK-000057,invoice_payment
INV-0463,pay_000472,setl_000042,BANK-000042,invoice_payment
INV-0464,pay_000473,setl_000069,BANK-000069,invoice_payment
INV-0465,pay_000474,setl_000022,BANK-000022,invoice_payment
INV-0466,pay_000475,setl_000057,BANK-000057,invoice_payment
INV-0466,pay_000476,setl_000066,BANK-000066,invoice_payment
INV-0467,pay_000477,setl_000021,BANK-000021,invoice_payment
INV-0468,pay_000478,setl_000024,BANK-000024,invoice_payment
INV-0468,pay_000479,setl_000006,BANK-000006,invoice_payment
INV-0469,pay_000480,setl_000038,BANK-000038,invoice_payment
INV-0470,pay_000481,setl_000023,BANK-000023,invoice_payment
INV-0471,pay_000482,setl_000026,BANK-000026,invoice_payment
INV-0473,pay_000483,setl_000003,BANK-000003,invoice_payment
INV-0474,pay_000484,setl_000028,BANK-000028,invoice_payment
INV-0475,pay_000485,setl_000061,BANK-000061,invoice_payment
INV-0476,pay_000486,setl_000001,BANK-000001,invoice_payment
INV-0477,pay_000487,setl_000061,BANK-000061,invoice_payment
INV-0478,pay_000488,setl_000004,BANK-000004,invoice_payment
INV-0479,pay_000489,setl_000029,BANK-000029,invoice_payment
INV-0480,pay_000490,setl_000020,BANK-000020,invoice_payment
INV-0481,pay_000491,setl_000065,BANK-000065,invoice_payment
INV-0482,pay_000492,setl_000050,BANK-000050,invoice_payment
INV-0483,pay_000493,setl_000065,BANK-000065,invoice_payment
INV-0484,pay_000494,setl_000032,BANK-000032,invoice_payment
INV-0485,pay_000495,setl_000005,BANK-000005,invoice_payment
INV-0486,pay_000496,setl_000027,BANK-000027,invoice_payment
INV-0487,pay_000497,setl_000055,BANK-000055,invoice_payment
INV-0488,pay_000498,setl_000042,BANK-000042,invoice_payment
INV-0489,pay_000499,setl_000055,BANK-000055,invoice_payment
INV-0489,pay_000500,setl_000047,BANK-000047,invoice_payment
INV-0490,pay_000501,setl_000008,BANK-000008,invoice_payment
INV-0491,pay_000502,setl_000065,BANK-000065,invoice_payment
INV-0492,pay_000503,setl_000029,BANK-000029,invoice_payment
INV-0493,pay_000504,setl_000026,BANK-000026,invoice_payment
INV-0494,pay_000505,setl_000047,BANK-000047,invoice_payment
INV-0494,pay_000506,setl_000058,BANK-000058,invoice_payment
INV-0495,pay_000507,setl_000061,BANK-000061,invoice_payment
INV-0496,pay_000508,setl_000005,BANK-000005,invoice_payment
INV-0497,pay_000509,setl_000018,BANK-000018,invoice_payment
INV-0498,pay_000510,setl_000009,BANK-000009,invoice_payment
INV-0499,pay_000511,setl_000004,BANK-000004,invoice_payment
INV-0499,pay_000512,setl_000022,BANK-000022,invoice_payment
INV-0500,pay_000513,setl_000037,BANK-000037,invoice_payment
INV-0302,pay_000514,setl_000003,BANK-000003,duplicate_payment
INV-0091,pay_000515,setl_000050,BANK-000050,duplicate_payment
INV-0114,pay_000516,setl_000024,BANK-000024,duplicate_payment
INV-0199,pay_000517,setl_000030,BANK-000030,duplicate_payment
INV-0291,pay_000518,setl_000037,BANK-000037,duplicate_payment
INV-0438,pay_000519,setl_000057,BANK-000057,duplicate_payment
INV-0318,pay_000520,setl_000008,BANK-000008,duplicate_payment
INV-0182,pay_000521,setl_000068,BANK-000068,duplicate_payment
INV-0461,pay_000522,setl_000062,BANK-000062,duplicate_payment
INV-0191,pay_000523,setl_000004,BANK-000004,duplicate_payment
INV-0086,pay_000524,setl_000036,BANK-000036,duplicate_payment
INV-0457,pay_000525,setl_000071,BANK-000071,duplicate_payment
INV-0062,pay_000526,setl_000059,BANK-000059,duplicate_payment
INV-0487,pay_000527,setl_000076,BANK-000076,duplicate_payment
INV-0314,pay_000528,setl_000007,BANK-000007,duplicate_payment
INV-0404,pay_000529,setl_000064,BANK-000064,duplicate_payment
INV-0080,pay_000530,setl_000019,BANK-000019,duplicate_payment
INV-0124,pay_000531,setl_000058,BANK-000058,duplicate_payment
